publication,feed,is_uni_newspaper
thehornettribune,asuhornettribune.com,1
wvua23,www.wvua23.com,0
deltadigitalnewservice,deltanewsservice.com,0
cronkitenewsdistribution,cronkitenews.azpbs.org,0
elinde,indearizona.com,0
zumedia,zunews.com,0
thepoint,thepointmagazine.org,1
theorion,theorion.com,1
universitytimes,csulauniversitytimes.com,1
collegiatenewsservice,voiceofoc.org,0
coastreportonline,www.coastreportonline.com,1
pepperdine/seavercollegejournalismprogram,pepperdine-graphic.com,1
eldon,eldonnews.org,1
oaklandnorth,oaklandnorth.net,1
richmondconfidential,richmondconfidential.org,1
crosstown,xtown.la,0
metmedia,www.mymetmedia.com,0
abilitymediagroup,abilitymediagroup.com,0
eastoncourier,eastoncourier.news,0
howarduniversitynewsservice,hunewsservice.com,1
thefauman,www.thefamuanonline.com/category/news,1
nextgenjournalismclub,www.tampafp.com,0
orlandosentinel,www.orlandosentinel.com,0
democracywatch,news.wgcu.org/tags/democracy-watch,0
freshtakeflorida,www.wuft.org/fresh-take-florida,1
communitywire.miami,themiamihurricane.com,1
caplinnews,caplinnews.fiu.edu,1
miamiherald,feeds.mcclatchy.com/miamiherald/sections/news/local/stories,0
miamitimes,www.miamitimesonline.com,0
theredandblacknewspaper,www.redandblack.com,1
freshtakegeorgia,freshtakegeorgia.org,0
maconnewsroom/centerforcollaborativejournalism,macon-newsroom.com,0
woodallweekendworkshop,gradynewsource.uga.edu,1
legislativereportingcapstone,www.civilbeat.org,0
thedailyiowan,dailyiowan.com,1
idahocountyfreepress,www.idahocountyfreepress.com,0
austintalks,austintalks.org,0
14east,fourteeneastmag.com/index.php,1
citizenaccess,cu-citizenaccess.org,0
arnoltcenterforinvestigativejournalism,arnoltcenter.org/work,0
theeasternprogress,www.easternprogress.com,1
270stories-departmentofjournalismandmasscommunications,270stories.mymurraystate.com,0
thenortherner,www.thenortherner.com,1
wkujournalism,wkujournalism.com,1
lsucoldcaseproject,lsucoldcaseproject.com,0
manshipschoolstatehouseburean,manshipxgr.org,0
northwesternstateuniversitylouisiana’snsu-tvnewsservice,purplemedianetwork.com,1
gbhnews,www.wgbh.org,0
clarkurbancommunityjournalismclassblog,clarkcommunityjournalism.wordpress.com,0
thescope,thescopeboston.org,0
capitalnewsservice,cnsmaryland.org,0
capitalnewsservice,news.jrn.msu.edu,0
greatlakesecho,greatlakesecho.org,0
projectoptimist,www.projectoptimist.us,0
columbiamissourian,www.columbiamissourian.com,0
kbianpraffiliate,www.kbia.org/news,0
9thstreetjournal,9thstreetjournal.org,1
storieswetell,storieswetell.news,0
queensuniversitynewsservice,qcitymetro.com,0
thewesterncarolinajournalist,thewesterncarolinajournalist.com/category/news,0
southjerseyclimatenews,sjclimate.news,0
newmexiconewsport,newmexiconewsport.com,1
sdnews,sdnews.com,0
kunr,www.kunr.org/local-stories,0
noticieromovil,noticieromovil.com,0
hitchcockproject,hitchcockproject.org,0
rochesterbeacon,rochesterbeacon.com,0
columbianewsservice,columbianewsservice.com,0
bronxjournal,bronxjournal.com,0
longislandadvocate,longislandadvocate.com,0
legislativegazette,legislativegazette.com,0
coopersquared,coopersquared.com,0
pavementpieces,pavementpieces.com,0
reportingproject,www.thereportingproject.org,0
ohionewslab,kentstatenewslab.org/category/reporting,0
ideastream,www.ideastream.org/news.rss,0
thebuckeyeflame,thebuckeyeflame.com,0
theland,thelandcle.org,0
theportager,theportager.com,0
oxfordobserver,oxfordobserver.org,0
gaylordnews,gaylordnews.net,0
dailyastorian,www.dailyastorian.com,0
thecatalystjournalismproject,catalystjournalism.uoregon.edu,0
eugeneweekly,eugeneweekly.com,0
nextpittsburgh,nextpittsburgh.com,0
qburgh,qburgh.com,0
pointparknewsservice,pointparknewsservice.org,1
philadephianeighborhoods,philadelphianeighborhoods.com,0
eastfallslocal,nwlocalpaper.com,0
carolinanewsandreporter,carolinanewsandreporter.cic.sc.edu,1
overlookedinappalachia,www.overlookedinappalachia.org,0
thesouthernaccent,southern-accent.org,0
instituteforpublicservicereportingmemphis,www.psrmemphis.org,0
kacu,www.kacu.org,0
borderzine,borderzine.com,0
sanantonioreport,sanantonioreport.org,0
thecommunitynews,www.community-news.com,0
seguingazette,seguingazette.com,0
texasmetronews,texasmetronews.com,0
planomagazine,planomagazine.com,0
amplifyutah,www.sltrib.com,0
capitalnewsservice,vcucns.com,0
thevirginian-pilot,www.pilotonline.com,0
news7,www.news7newslinc.net,0
vtdigger,vtdigger.org,0
vtdigger,vtcommunitynews.org/category/legislature,0
vtdigger,vtcommunitynews.org/category/envirnoment,0
vtdigger,vtcommunitynews.org/category/news,0
vtdigger,vtcommunitynews.org/category/features,0
kitsapdailynews,www.kitsapdailynews.com,0
theseattletimes,www.seattletimes.com,0
grandcoulee'sstar,www.grandcoulee.com,0
knkx,www.knkx.org/news.rss,0
bainbridgereview,www.bainbridgereview.com,0
murrownewsservice,www.spokesman.com,0
milwaukeeneighborhoodnewsservice,milwaukeenns.org,0
wisconsinwatch,wisconsinwatch.org,0
dailyathenaeum,www.thedaonline.com,1
andalusiastarnews,www.andalusiastarnews.com,0
atmoreadvance,www.atmoreadvance.com,0
thebrewtonstandard,www.brewtonstandard.com,0
clantonadvertiser,www.clantonadvertiser.com,0
gadsdenmessenger,gadsdenmessenger.com,0
greenvilleadvocate,www.greenvilleadvocate.com,0
selmatimesjournal,www.selmatimesjournal.com,0
troymessenger,www.troymessenger.com,0
thevalleytimesnews,www.valleytimes-news.com,0
alaskajournalofcommerce,www.alaskajournal.com,0
juneauempire,www.juneauempire.com,0
peninsulaclarion,www.peninsulaclarion.com,0
arizonacapitoltimes,azcapitoltimes.com,0
arkansastimes,arktimes.com,0
fayettevillefreeweekly,www.freeweekly.com,0
alamedatimesstar,www.eastbaytimes.com/location/oakland,0
thebakersfieldcalifornian,www.bakersfield.com,0
campbellreporter,www.mercurynews.com/location/campbell,0
contracostatimes,www.eastbaytimes.com,0
cupertinocourier,www.mercurynews.com/location/cupertino,0
dailybreeze,www.dailybreeze.com,0
dailydemocrat,www.dailydemocrat.com,0
redbluffdailynews,www.redbluffdailynews.com,0
dailynews,www.dailynews.com,0
thedailyrepublic,www.dailyrepublic.com,0
thedavisenterprise,www.davisenterprise.com,0
theenterpriserecord,www.chicoer.com,0
fortbraggadvocatenews,www.advocate-news.com,0
inlandvalleydailybulletin,www.dailybulletin.com,0
theaspentimes,www.aspentimes.com,0
aurorasentinel,www.sentinelcolorado.com,0
boulderweekly,www.boulderweekly.com,0
broomfieldenterprise,www.broomfieldenterprise.com,0
craigdailypress,www.craigdailypress.com,0
thedailycamera,www.dailycamera.com,0
dailyrecord,www.canoncitydailyrecord.com,0
thedenverpost,www.denverpost.com,0
estesparktrailgazette,www.eptrail.com,0
fortmorgantimes,www.fortmorgantimes.com,0
greeleytribune,www.greeleytribune.com,0
haxtunflemingherald,www.hfherald.com,0
thelamardailynews,www.lamarledger.com,0
northfortynews,northfortynews.com,0
thepagosaspringssun,www.pagosasun.com,0
steamboatpilot,www.steamboatpilot.com,0
summitdailynews,www.summitdaily.com,0
waterburyrepublicanamerican,www.rep-am.com,0
bocabeacon,bocabeacon.com,0
keywestcitizen,keysnews.com,0
lakecityreporter,www.lakecityreporter.com,0
madisoncountycarrier,www.greenepublishing.com,0
miami’scommunitynewspapers,communitynewspapers.com,0
miamitoday,www.miamitodaynews.com,0
newsleader,www.fbnewsleader.com,0
palatkadailynews,www.palatkadailynews.com,0
thetowncrier,gotowncrier.com,0
atlantadailyworld,atlantadailyworld.com,0
claytontribune,www.theclaytontribune.com,0
thecoastalcourier,coastalcourier.com,0
dawsonadvertiser,www.dawsonnews.com,0
lagrangedailynews,www.lagrangenews.com,0
postsearchlight,www.thepostsearchlight.com,0
thestatesboroherald,www.statesboroherald.com,0
thetimescourier,www.timescourier.com,0
tribune,www.tribune-georgian.com,0
westhawaiitoday,www.westhawaiitoday.com,0
chicagosuntimes,chicago.suntimes.com,0
dailyherald,www.dailyherald.com,0
dailyreviewatlas,www.reviewatlas.com,0
journalstar,www.pjstar.com,0
thejournalstandard,www.journalstandard.com,0
laraza,www.laraza.com,0
newsprogress,newsprogress.com,0
pekindailytimes,www.pekintimes.com,0
rockfordregisterstar,www.rrstar.com,0
thestatejournalregister,www.sj-r.com,0
therepublic,www.therepublic.com,0
clearlakemirrorreporter,www.clreporter.com,0
harlanonline,www.harlanonline.com,0
marshalltowntimesrepublican,www.timesrepublican.com,0
rivercitiesreader,www.rcreader.com,0
greatbendtribune,www.gbtribune.com,0
hillsborofreepress,www.hillsborofreepress.com,0
themorningsun,www.morningsun.net,0
theadvocatemessenger,www.amnews.com,0
thehancockclarion,www.hancockclarion.com,0
harrodsburgherald,www.harrodsburgherald.com,0
theledgerindependent,maysville-online.com,0
lewiscountyherald,www.lewiscountyherald.com,0
thewinchestersun,www.winchestersun.com,0
bossierpresstribune,bossierpress.com,0
businessreport,www.businessreport.com,0
citybusiness,neworleanscitybusiness.com,0
thecrowleypostsignal,www.crowleypostsignal.com,0
thedailyreview,www.daily-review.com,0
thefranklinbannertribune,www.banner-tribune.com,0
l’observateur,www.lobservateur.com,0
mindenpressherald,press-herald.com,0
advertiserdemocrat,www.sunjournal.com/advertiser-democrat,0
theellsworthamerican,www.ellsworthamerican.com,0
thekennebecjournal,www.centralmaine.com,0
sunjournal,www.sunjournal.com,0
thetimesrecord,www.timesrecord.com,0
thearlingtonadvocate,arlington.wickedlocal.com,0
thebelmontcitizenherald,belmont.wickedlocal.com,0
beverlycitizen,beverly.wickedlocal.com,0
bostonherald,www.bostonherald.com,0
brooklinetab,brookline.wickedlocal.com,0
cambridgechronicle,cambridge.wickedlocal.com,0
communityadvocate,www.communityadvocate.com,0
concordjournal,concord.wickedlocal.com,0
dorchesterreporter,www.dotnews.com,0
duxburyclipper,www.duxburyclipper.com,0
everettindependent,everettindependent.com,0
hamiltonwenhamchronicle,hamilton.wickedlocal.com,0
theheraldnews,www.heraldnews.com,0
ipswichchronicle,ipswich.wickedlocal.com,0
thejewishadvocate,www.thejewishadvocate.com,0
lexingtonminuteman,lexington.wickedlocal.com,0
thelowellsun,www.lowellsun.com,0
maldenobserver,malden.wickedlocal.com,0
marbleheadreporter,marblehead.wickedlocal.com,0
martha’svineyardtimes,www.mvtimes.com,0
massachusettsnews,www.massnews.com,0
melrosefreepress,melrose.wickedlocal.com,0
northandovercitizen,northandover.wickedlocal.com,0
saugusadvertiser,saugus.wickedlocal.com,0
sudburytowncrier,sudbury.wickedlocal.com,0
swampscottreporter,swampscott.wickedlocal.com,0
tauntondailygazette,www.tauntongazette.com,0
thevineyardgazette,vineyardgazette.com,0
walpoletimes,walpole.wickedlocal.com,0
thewanderer,www.wanderer.com,0
watertowntab&amp;press,watertown.wickedlocal.com,0
waylandtowncrier&amp;tab,wayland.wickedlocal.com,0
thewellesleytownsman,wellesley.wickedlocal.com,0
grossepointenews,www.grossepointenews.com,0
theleelanauenterprise,www.leelanaunews.com,0
albertleatribune,www.albertleatribune.com,0
austindailyherald,www.austindailyherald.com,0
thebrainerddailydispatch,www.brainerddispatch.com,0
dailyglobe,www.dglobe.com,0
detroitlakestribune,www.dl-online.com,0
duluthnewstribune,www.duluthnewstribune.com,0
echopress,www.echopress.com,0
financeandcommerce,finance-commerce.com,0
headlightherald,headlightherald.com,0
jacksoncountypilot,www.jacksoncountypilot.com,0
pineriverjournal,www.pineandlakes.com,0
republicaneagle,www.republican-eagle.com,0
rockcountystarherald,www.star-herald.com,0
saintpaulpioneerpress,www.twincities.com,0
thestar,www.pipestonestar.com,0
startribune,www.startribune.com,0
stargazette,www.hastingsstargazette.com,0
thiefriverfallstimes,trftimes.com,0
wadenapioneerjournal,www.wadenapj.com,0
westcentraltribune,www.wctrib.com,0
dailyleader,www.dailyleader.com,0
mississippibusinessjournal,msbusiness.com,0
thenatchezdemocrat,www.natchezdemocrat.com,0
picayuneitem,www.picayuneitem.com,0
vicksburgpost,www.vicksburgpost.com,0
winstoncountyjournal,www.winstoncountyjournal.com,0
boonvilledailynews,www.boonvilledailynews.com,0
constitutiontribune,www.chillicothenews.com,0
kirksvilledailyexpress&amp;news,www.kirksvilledailyexpress.com,0
moberlymonitorindex,www.moberlymonitor.com,0
neoshodailynews,www.neoshodailynews.com,0
republicanclipper,www.bethanyclipper.com,0
thebitterrootstar,bitterrootstar.com,0
thehavredailynews,www.havredailynews.com,0
seeleyswanpathfinder,www.seeleylake.com,0
omahareader,thereader.com,0
lasvegasreviewjournal,www.lvrj.com,0
nevadaappeal,www.nevadaappeal.com,0
nevadabusinessjournal,www.nevadabusiness.com,0
newhampshiregazette,www.nhgazette.com,0
businessnewsnj,njbiz.com,0
albuquerquejournal,www.abqjournal.com,0
hobbsnewssun,www.hobbsnews.com,0
thedailygazette,dailygazette.com,0
easthamptonstar,www.easthamptonstar.com,0
theeveningtribune,www.eveningtribune.com,0
gardencitynews,www.gcnews.com,0
theleader,www.the-leader.com,0
longislandbusinessnews,libn.com,0
newyorkobserver,www.observer.com,0
putnamnewsandrecorder,www.pcnr.com,0
thequeensgazette,www.qgazette.com,0
rochesterbusinessjournal,rbj.net,0
sagharborexpress,sagharborexpress.com,0
southampton,www.pressnewsgroup.com,0
thesuffolktimes,suffolktimes.timesreview.com,0
thewaveoflongisland,www.rockawave.com,0
wellsvilledailyreporter,www.wellsvilledaily.com,0
chathamjournal,chathamjournal.com,0
thelaurinburgexchange,www.laurinburgexchange.com,0
mitchellnewsjournal,www.mitchellnews.com,0
mountairynews,www.mtairynews.com,0
mountainxpress,mountainx.com,0
rhinotimes,www.rhinotimes.com,0
therobesonian,www.robesonian.com,0
salisburypost,www.salisburypost.com,0
thesampsonindependent,www.clintonnc.com,0
thetaylorsvilletimes,www.taylorsvilletimes.com,0
devilslakedailyjournal,www.devilslakejournal.com,0
theforum,www.inforum.com,0
grandforksherald,www.grandforksherald.com,0
thejamestownsun,www.jamestownsun.com,0
columbusdispatch,www.dispatch.com,0
thedelawaregazette,www.delgazette.com,0
theeatonregisterherald,www.registerherald.com,0
georgetownnewsdemocrat,www.newsdemocrat.com,0
theirontontribune,www.irontontribune.com,0
leaderonline,www.akron.com,0
marysvillejournaltribune,www.marysvillejt.com,0
recordherald,www.recordherald.com,0
repository,www.cantonrep.com,0
thesidneydailynews,www.sidneydailynews.com,0
thisweek,www.thisweeknews.com,0
thetimesgazette,www.timesgazette.com,0
thetimesreporter,www.timesreporter.com,0
thetribunechronicle,www.tribtoday.com,0
urbanadailycitizen,www.urbanacitizen.com,0
wilmingtonnewsjournal,www.wnewsj.com,0
yellowspringsnews,ysnews.com,0
thejournalrecord,journalrecord.com,0
theponcacitynews,www.poncacitynews.com,0
cascadebusinessnews,cascadebusnews.com,0
keizertimes,www.keizertimes.com,0
dailycourier,www.dailycourier.com,0
thefultoncountynews,www.fultoncountynews.com,0
leadertimes,www.leadertimes.com,0
philadelphiaweekly,www.philadelphiaweekly.com,0
pittsburghtribunereview,triblive.com/category/local,0
rocketcourier,www.rocket-courier.com,0
newportthisweek,www.newportthisweek.com,0
providencebusinessnews,pbn.com,0
chronicleindependent,www.chronicle-independent.com,0
columbiastar,www.thecolumbiastar.com,0
thegaffneyledger,www.gaffneyledger.com,0
uniondailytimes,www.uniondailytimes.com,0
themitchelldailyrepublic,www.mitchellrepublic.com,0
freemancourier,www.freemansd.com,0
themobridgetribune,www.mobridgetribune.com,0
rapidcityjournal,rapidcityjournal.com,0
smithvillereview,www.smithvillereview.com,0
southernstandard,www.southernstandard.com,0
thetomahawk,www.thetomahawk.com,0
fortworthweekly,www.fwweekly.com,0
lockhartpostregister,www.post-register.com,0
themonitor,www.themonitor.com,0
themonitorcedarcreek,www.themonitor.net,0
orangeleader,www.orangeleader.com,0
pleasantonexpress,www.pleasantonexpress.com,0
portarthurnews,www.panews.com,0
sanmarcosdailyrecord,www.sanmarcosrecord.com,0
uvaldeleadernews,uvaldeleadernews.com,0
valleymorningstar,www.valleymorningstar.com,0
thewilsoncountynews,www.wilsoncountynews.com,0
wisecountymessenger,www.wcmessenger.com,0
deseretnews,www.deseretnews.com,0
moab’stimesindependent,moabtimes.com,0
parkrecord,www.parkrecord.com,0
transcriptbulletin,tooeleonline.com,0
addisoncountyindependent,www.addisonindependent.com,0
bartonchronicle,bartonchronicle.com,0
theenterprise,theenterprise.net,0
fallschurchnewspress,fcnp.com,0
rappahannockrecord,rrecord.com,0
southsidesentinel,www.ssentinel.com,0
bainbridgeislandreview,www.bainbridgereview.com,0
businessexaminer,southsoundbiz.com,0
camaswashougalpostrecord,www.camaspostrecord.com,0
centralkitsapreporter,www.kitsapdailynews.com,0
thecolumbian,www.columbian.com,0
dailyworld,www.thedailyworld.com,0
federalwaymirror,www.federalwaymirror.com,0
theheraldnet,www.heraldnet.com,0
theislands’sounder,www.islandssounder.com,0
thejournalofthesanjuanislands,www.sanjuanjournal.com,0
leavenworthecho,www.leavenworthecho.com,0
mercerislandreporter,www.mi-reporter.com,0
methowvalleynews,methowvalleynews.com,0
northwestasianweekly/theseattlechinesepost,nwasianweekly.com,0
peninsuladailynews,www.peninsuladailynews.com,0
rentonreporter,www.rentonreporter.com,0
theseattletimes,www.seattletimes.com,0
seattleweekly,www.seattleweekly.com,0
sequimgazette,www.sequimgazette.com,0
snoqualmievalleyrecord,www.valleyrecord.com,0
southwhidbeyrecord,www.southwhidbeyrecord.com,0
vashonmauryislandbeachcomber,www.vashonbeachcomber.com,0
vancouverbusinessjournal,www.vbjusa.com,0
whidbeynewstimes,www.whidbeynewstimes.com,0
westvirginiapressassociation,wvpress.org,0
huntingtonnews,www.huntingtonnews.net,0
themorganmessenger,www.morganmessenger.com,0
mountainmessenger,mountainmessenger.com,0
wisconsinnewspaperassociation,www.wnanews.com,0
thedailyreporter,dailyreporter.com,0
thereview,www.plymouth-review.com,0
southwashingtoncountybulletin,www.swcbulletin.com,0
standardpress,myracinecounty.com,0